[
  {
    "Id": "1496546",
    "ThreadId": "662998",
    "Html": "Hi guys!\r<br />\n<br />\nAfter DB_oracle.sql installation I try to connect with DB\r<br />\nusing SQL developer tool, but not enough at credential info...\r<br />\n<br />\nIn the sql body I found ---&gt; chinook/p4ssw0rd. but what about SID?\r<br />\n<br />\n<img src=\"http://i64.tinypic.com/69jf4i.jpg\" alt=\"Image\" /><br />\n",
    "PostedDate": "2017-05-17T11:01:44.803-07:00",
    "UserRole": null,
    "MarkedAsAnswerDate": null
  }
]