[
  {
    "Id": "52242",
    "Title": "Live web demo",
    "LatestDate": "2009-04-03T14:58:11.563-07:00"
  },
  {
    "Id": "61326",
    "Title": "Domain model ?",
    "LatestDate": "2009-07-06T20:44:47.313-07:00"
  },
  {
    "Id": "67373",
    "Title": "SQLite?",
    "LatestDate": "2009-08-29T12:19:56.137-07:00"
  },
  {
    "Id": "75798",
    "Title": "DROP DATABASE if database exists (SQLServer)",
    "LatestDate": "2010-11-10T00:59:34.587-08:00"
  },
  {
    "Id": "207844",
    "Title": "Name the Primary Keys Constraints in the SQL Server model!",
    "LatestDate": "2010-11-10T00:59:03.587-08:00"
  },
  {
    "Id": "249075",
    "Title": "EF4 Data Model Navigation Properties Missing",
    "LatestDate": "2011-04-26T14:26:26.51-07:00"
  },
  {
    "Id": "253067",
    "Title": "CUBRID Database Support",
    "LatestDate": "2011-04-09T19:10:47.267-07:00"
  },
  {
    "Id": "435555",
    "Title": "Wrap SQLite script into Transaction",
    "LatestDate": "2013-03-06T20:06:04.123-08:00"
  },
  {
    "Id": "435651",
    "Title": "Do not create this database",
    "LatestDate": "2013-03-06T22:02:14.483-08:00"
  },
  {
    "Id": "539357",
    "Title": "Sybase Support",
    "LatestDate": "2014-03-18T06:45:30.147-07:00"
  },
  {
    "Id": "649860",
    "Title": "Any plans to migrate this project to EF6?",
    "LatestDate": "2016-01-11T02:08:01.28-08:00"
  },
  {
    "Id": "651414",
    "Title": "Firebird",
    "LatestDate": "2016-02-17T06:35:54.17-08:00"
  },
  {
    "Id": "651897",
    "Title": "Region column",
    "LatestDate": "2016-02-29T07:26:01.08-08:00"
  },
  {
    "Id": "653219",
    "Title": "Do you want code for a Visual FoxPro version of Chinook?",
    "LatestDate": "2016-04-04T12:14:41.82-07:00"
  },
  {
    "Id": "655603",
    "Title": "PostgreSQL and case-sensitivity",
    "LatestDate": "2016-06-15T12:37:18.557-07:00"
  },
  {
    "Id": "662998",
    "Title": "How to connect wit DB using SQL Developer",
    "LatestDate": "2017-05-17T11:01:44.803-07:00"
  }
]