[
  {
    "Id": "1011075",
    "ThreadId": "435555",
    "Html": "Hello guys,<br />\n<br />\ngreat job but please wrap at least the INSERT Statements within the sqlite script into transactions per default.<br />\n<br />\nBest Wishes!<br />\n",
    "PostedDate": "2013-03-06T02:14:11.29-08:00",
    "UserRole": null,
    "MarkedAsAnswerDate": null
  },
  {
    "Id": "1011536",
    "ThreadId": "435555",
    "Html": "Thanks for the suggestion. We will do it.\r<br />\n<br />\nThanks!<br />\n",
    "PostedDate": "2013-03-06T20:05:14.61-08:00",
    "UserRole": null,
    "MarkedAsAnswerDate": null
  },
  {
    "Id": "1011537",
    "ThreadId": "435555",
    "Html": "This discussion has been copied to a work item. Click <a href=\"http://chinookdatabase.codeplex.com/workitem/29380\" rel=\"nofollow\">here</a> to go to the work item and continue the discussion.<br />\n",
    "PostedDate": "2013-03-06T20:06:04.123-08:00",
    "UserRole": null,
    "MarkedAsAnswerDate": null
  }
]