[
  {
    "Id": "259321",
    "ThreadId": "75798",
    "Html": "<p>If I start CreateDB.sql and database already exists and used (connections to database is opened) database not droped</p>\r\n<p>Solution could be add additional logic&nbsp;</p>\r\n<p>CreateDb.sql LINE:10</p>\r\n<p>&nbsp;</p>\r\n<div id=\"_mcePaste\" style=\"left:-10000px;top:0px;width:1px;height:1px;overflow-x:hidden;overflow-y:hidden\">IF EXISTS (SELECT name FROM master.dbo.sysdatabases WHERE name = N'Chinook')</div>\r\n<div id=\"_mcePaste\" style=\"left:-10000px;top:0px;width:1px;height:1px;overflow-x:hidden;overflow-y:hidden\">BEGIN&nbsp;</div>\r\n<div id=\"_mcePaste\" style=\"left:-10000px;top:0px;width:1px;height:1px;overflow-x:hidden;overflow-y:hidden\">&nbsp;ALTER DATABASE [Chinook]&nbsp;</div>\r\n<div id=\"_mcePaste\" style=\"left:-10000px;top:0px;width:1px;height:1px;overflow-x:hidden;overflow-y:hidden\"><span style=\"white-space:pre\"> </span>SET OFFLINE&nbsp;</div>\r\n<div id=\"_mcePaste\" style=\"left:-10000px;top:0px;width:1px;height:1px;overflow-x:hidden;overflow-y:hidden\"><span style=\"white-space:pre\"> </span>WITH ROLLBACK IMMEDIATE;</div>\r\n<div id=\"_mcePaste\" style=\"left:-10000px;top:0px;width:1px;height:1px;overflow-x:hidden;overflow-y:hidden\"><span style=\"white-space:pre\"> </span></div>\r\n<div id=\"_mcePaste\" style=\"left:-10000px;top:0px;width:1px;height:1px;overflow-x:hidden;overflow-y:hidden\"><span style=\"white-space:pre\"> </span></div>\r\n<div id=\"_mcePaste\" style=\"left:-10000px;top:0px;width:1px;height:1px;overflow-x:hidden;overflow-y:hidden\">&nbsp;ALTER DATABASE [Chinook]</div>\r\n<div id=\"_mcePaste\" style=\"left:-10000px;top:0px;width:1px;height:1px;overflow-x:hidden;overflow-y:hidden\">&nbsp;&nbsp;SET ONLINE; &nbsp;</div>\r\n<div id=\"_mcePaste\" style=\"left:-10000px;top:0px;width:1px;height:1px;overflow-x:hidden;overflow-y:hidden\">&nbsp;&nbsp;</div>\r\n<div id=\"_mcePaste\" style=\"left:-10000px;top:0px;width:1px;height:1px;overflow-x:hidden;overflow-y:hidden\">&nbsp;DROP DATABASE [Chinook];&nbsp;</div>\r\n<div id=\"_mcePaste\" style=\"left:-10000px;top:0px;width:1px;height:1px;overflow-x:hidden;overflow-y:hidden\">END&nbsp;</div>\r\n<div id=\"_mcePaste\" style=\"left:-10000px;top:0px;width:1px;height:1px;overflow-x:hidden;overflow-y:hidden\">CREATE DATABASE [Chinook];</div>\r\n<p>\r\n<p>IF EXISTS (SELECT name FROM master.dbo.sysdatabases WHERE name = N'Chinook')</p>\r\n<p>BEGIN&nbsp;</p>\r\n<p>--Take database offline ignoring any connection made</p>\r\n<p>&nbsp;ALTER DATABASE [Chinook]&nbsp;</p>\r\n<p><span style=\"white-space:pre\"> </span>SET OFFLINE&nbsp;</p>\r\n<p><span style=\"white-space:pre\"> </span>WITH ROLLBACK IMMEDIATE;<span style=\"white-space:pre\"> </span><span style=\"white-space:pre\"> </span></p>\r\n<p>&nbsp;</p>\r\n<p><span style=\"white-space:pre\">-</span>-Bring online before delete&nbsp;</p>\r\n<p>&nbsp;ALTER DATABASE [Chinook]</p>\r\n<p>&nbsp;&nbsp;SET ONLINE; &nbsp;</p>\r\n<p>&nbsp;</p>\r\n<p>&nbsp;DROP DATABASE [Chinook];&nbsp;</p>\r\n<p>END&nbsp;</p>\r\n<p>CREATE DATABASE [Chinook];</p>\r\n</p>\r\n<p>&nbsp;</p>",
    "PostedDate": "2009-11-21T05:46:24.667-08:00",
    "UserRole": null,
    "MarkedAsAnswerDate": null
  },
  {
    "Id": "425687",
    "ThreadId": "75798",
    "Html": "<p>Thanks for the suggestion. I will fix it.</p>\r\n<p>&nbsp;</p>",
    "PostedDate": "2010-03-30T14:44:51.673-07:00",
    "UserRole": null,
    "MarkedAsAnswerDate": null
  },
  {
    "Id": "425688",
    "ThreadId": "75798",
    "Html": "This discussion has been copied to a work item. Click <a href=\"http://chinookdatabase.codeplex.com/WorkItem/View.aspx?WorkItemId=26638\">here</a> to go to the work item and continue the discussion.",
    "PostedDate": "2010-03-30T14:45:08.357-07:00",
    "UserRole": null,
    "MarkedAsAnswerDate": null
  },
  {
    "Id": "519828",
    "ThreadId": "75798",
    "Html": "\r\n<p>&nbsp;</p>\r\n<p>This request has been implemented in the latest Release 1.2.</p>\r\n",
    "PostedDate": "2010-11-10T00:59:34.587-08:00",
    "UserRole": null,
    "MarkedAsAnswerDate": null
  }
]