[
  {
    "Id": "208024",
    "ThreadId": "61326",
    "Html": "<p>Do you know is there is, in some place, a domain model of Chinook ?</p>",
    "PostedDate": "2009-07-02T09:28:07.533-07:00",
    "UserRole": null,
    "MarkedAsAnswerDate": null
  },
  {
    "Id": "209268",
    "ThreadId": "61326",
    "Html": "<p>No, there is no domain model for it. There is just the physical database schema:</p>\r\n<p><a href=\"http://chinookdatabase.codeplex.com/Wiki/View.aspx?title=Chinook_Schema\">http://chinookdatabase.codeplex.com/Wiki/View.aspx?title=Chinook_Schema</a></p>",
    "PostedDate": "2009-07-06T20:44:47.313-07:00",
    "UserRole": null,
    "MarkedAsAnswerDate": null
  }
]