[
  {
    "Id": "228993",
    "ThreadId": "67373",
    "Html": "<p>Are you interested in the SQLite version of your Chinook db?</p>",
    "PostedDate": "2009-08-29T10:14:26.793-07:00",
    "UserRole": null,
    "MarkedAsAnswerDate": null
  },
  {
    "Id": "229005",
    "ThreadId": "67373",
    "Html": "<p>Yes, sure! If you have already a SQLite version and want to share it, I can include it on the next version. Thanks!</p>\r\n<p>Luis</p>\r\n<p>&nbsp;</p>",
    "PostedDate": "2009-08-29T12:19:56.137-07:00",
    "UserRole": null,
    "MarkedAsAnswerDate": null
  }
]