[
  {
    "Id": "577946",
    "ThreadId": "249075",
    "Html": "\r\n<p>Hello.</p>\r\n<p>ISSUE:&nbsp;Navigation Properties Missing in the EF4 Data Model using Chinook 1.3</p>\r\n<p>I downloaded the 1.3 version for SQL Server, installed the db using the IDENTITY script, created a VS2010 project and solution, and added an EF4 data model that points to the Chinook database. &nbsp;Everything appeared fine until I noticed that the&nbsp;Navigation\r\n Properties were missing from the data model (cs) and the designer (edmx) didn't contain&nbsp;associations. &nbsp;I spent an hour or so dropping the db, deleting the project, recreating the db, and recreating the project; however, the resulting EF4 code/model\r\n remained the same - missing&nbsp;Navigation Properties and associations.</p>\r\n<p>In my final cycle in the delete/drop/recreate madness, I decided to download the 1.2 version of the SQL database. &nbsp;I again created the db with the IDENTITY script, project, and EF4 data model; however, this time the&nbsp;Navigation Properties and associations\r\n worked as expected.</p>\r\n<p>I have no idea why the&nbsp;Navigation Properties failed to generate, but I just wanted to post this message if other have a similar issue.</p>\r\n<p>SOLUTION: Download and use the Chinook 1.2 version.</p>\r\n<p>Hope this saves someone a little bit of agony... -Dan</p>\r\n",
    "PostedDate": "2011-03-09T11:19:08.75-08:00",
    "UserRole": null,
    "MarkedAsAnswerDate": null
  },
  {
    "Id": "603217",
    "ThreadId": "249075",
    "Html": "<p>Hello DRyan,</p>\r\n<p>I was facing the same problem running SQL Server 2008 Express, EF4.1 and the Chinook DB V1.3</p>\r\n<p>I dropped V1.3, installed v1.2, added my domain and the navigation properties and associations were there.</p>\r\n<p>&nbsp;</p>\r\n<p>BR,</p>\r\n<p>Mau</p>",
    "PostedDate": "2011-04-26T14:26:26.51-07:00",
    "UserRole": null,
    "MarkedAsAnswerDate": null
  }
]