[
  {
    "Id": "425664",
    "ThreadId": "207844",
    "Html": "<p>Folks,</p>\r\n<p><br>Great to have more demo and sample databases for SQL Server - but by all means, <strong>name </strong>the primary key constraints!!</p>\r\n<p>So instead of</p>\r\n<p style=\"padding-left:30px\">CREATE TABLE Genre <br>( <br>&nbsp;&nbsp;&nbsp; GenreId INTEGER NOT NULL IDENTITY,<br>&nbsp;&nbsp;&nbsp; Name NVARCHAR(120),<br>&nbsp;&nbsp;&nbsp; PRIMARY KEY(GenreId)<br>);</p>\r\n<p>which gives you a primary key constraint of something like:&nbsp;&nbsp;&nbsp; <strong>PK__Genre__0385057E1332DBDC</strong> &nbsp; &nbsp;&nbsp; (yuck!!)<strong><br></strong></p>\r\n<p><strong>please do use </strong></p>\r\n<p style=\"padding-left:30px\">CREATE TABLE Genre <br>( <br>&nbsp;&nbsp;&nbsp; GenreId INTEGER NOT NULL IDENTITY,<br>&nbsp;&nbsp;&nbsp; Name NVARCHAR(120),<br>&nbsp;&nbsp;&nbsp; <span style=\"color:#ff0000\"><strong>CONSTRAINT PK_Genre</strong></span> PRIMARY KEY(GenreId)<br>);</p>\r\n<p>which gives you a nice, clear, dependable and nicely named PK constraint name!</p>",
    "PostedDate": "2010-03-30T13:53:16.853-07:00",
    "UserRole": null,
    "MarkedAsAnswerDate": null
  },
  {
    "Id": "425685",
    "ThreadId": "207844",
    "Html": "This discussion has been copied to a work item. Click <a href=\"http://chinookdatabase.codeplex.com/WorkItem/View.aspx?WorkItemId=26637\">here</a> to go to the work item and continue the discussion.",
    "PostedDate": "2010-03-30T14:41:43.217-07:00",
    "UserRole": null,
    "MarkedAsAnswerDate": null
  },
  {
    "Id": "425686",
    "ThreadId": "207844",
    "Html": "<p>Thanks for the suggestion. I created a working item for it so I can fix it.</p>\r\n<p>&nbsp;</p>",
    "PostedDate": "2010-03-30T14:44:18.677-07:00",
    "UserRole": null,
    "MarkedAsAnswerDate": null
  },
  {
    "Id": "519826",
    "ThreadId": "207844",
    "Html": "\r\n<p>This request has been implemented in the latest Release 1.2.</p>\r\n",
    "PostedDate": "2010-11-10T00:59:03.587-08:00",
    "UserRole": null,
    "MarkedAsAnswerDate": null
  }
]