{
  "WorkItem": {
    "AffectedComponent": {
      "Name": "",
      "DisplayName": ""
    },
    "ClosedComment": "",
    "ClosedDate": "2008-12-28T23:51:32.46-08:00",
    "CommentCount": 1,
    "Custom": "",
    "Description": "Need to change the scripts version number to 1.1 in DataSetHelper.tt before the main release.",
    "LastUpdatedDate": "2008-12-28T23:51:32.46-08:00",
    "PlannedForRelease": "Chinook Database 1.1",
    "ReleaseVisibleToPublic": true,
    "Priority": {
      "Name": "Low",
      "Severity": 50,
      "Id": 1
    },
    "ProjectName": "ChinookDatabase",
    "ReportedDate": "2008-12-27T15:23:08.043-08:00",
    "Status": {
      "Name": "Closed",
      "Id": 4
    },
    "ReasonClosed": {
      "Name": "Unassigned"
    },
    "Summary": "Change version number to 1.1",
    "Type": {
      "Name": "Task",
      "Id": 2
    },
    "VoteCount": 1,
    "Id": 20385
  },
  "FileAttachments": [],
  "Comments": [
    {
      "Message": "Resolved with changeset 45328.",
      "PostedDate": "2008-12-28T23:51:32.46-08:00",
      "Id": 18252
    }
  ]
}