{
  "WorkItem": {
    "AffectedComponent": {
      "Name": "",
      "DisplayName": ""
    },
    "ClosedComment": "Verified.",
    "ClosedDate": "2010-11-05T14:14:32.367-07:00",
    "CommentCount": 0,
    "Custom": "",
    "Description": "This request is from Rub member of the uNhAddIns project (Unofficial addins for NHibernate): http://code.google.com/p/unhaddins/\n\nThe current scripts use Identity to auto-generate primary keys. Although NHibernate supports Identity, it is not a good solution for it, as described below:\nhttp://nhforge.org/blogs/nhibernate/archive/2008/12/21/identity-the-never-ending-story.aspx\n\nWe need to add support for nhibernate HiLo generation. For example, the Genre table would be:\n\nCREATE TABLE Genre \n( \n    GenreId INTEGER NOT NULL, //  IDENTITY - no identity  here \n    Name NVARCHAR(120),\n    PRIMARY KEY(GenreId)\n);",
    "LastUpdatedDate": "2010-11-05T14:14:32.367-07:00",
    "PlannedForRelease": "Chinook Database 1.2",
    "ReleaseVisibleToPublic": true,
    "Priority": {
      "Name": "Low",
      "Severity": 50,
      "Id": 1
    },
    "ProjectName": "ChinookDatabase",
    "ReportedDate": "2009-04-19T22:15:15.76-07:00",
    "Status": {
      "Name": "Closed",
      "Id": 4
    },
    "ReasonClosed": {
      "Name": "Unassigned"
    },
    "Summary": "Feature Request: Add Support for NHibernate HiLo generator",
    "Type": {
      "Name": "Feature",
      "Id": 1
    },
    "VoteCount": 2,
    "Id": 22115
  },
  "FileAttachments": [],
  "Comments": []
}