{
  "WorkItem": {
    "AffectedComponent": {
      "Name": "",
      "DisplayName": ""
    },
    "ClosedComment": "Tested and ready to release.",
    "ClosedDate": "2010-11-14T21:51:57.667-08:00",
    "CommentCount": 0,
    "Custom": null,
    "Description": "Add SQL scripts for the EffiProz embedded C# database: http://effiproz.codeplex.com/\r\n\r\nSilverlight version to test the queries:\r\nhttp://www.effiproz.com/SL4QTDemo.aspx\r\n\r\nSQL References:\r\nhttp://hsqldb.org/doc/2.0/guide\r\nhttp://www.effiproz.com/Documentation.aspx",
    "LastUpdatedDate": "2017-11-29T09:14:10.213-08:00",
    "PlannedForRelease": "Chinook Database 1.3",
    "ReleaseVisibleToPublic": true,
    "Priority": {
      "Name": "Low",
      "Severity": 50,
      "Id": 1
    },
    "ProjectName": "ChinookDatabase",
    "ReportedDate": "2010-11-06T18:45:39.243-07:00",
    "Status": {
      "Name": "Closed",
      "Id": 4
    },
    "ReasonClosed": {
      "Name": "Unassigned"
    },
    "Summary": "Add support for EffiProz database",
    "Type": {
      "Name": "Feature",
      "Id": 1
    },
    "VoteCount": 1,
    "Id": 29372
  },
  "FileAttachments": [],
  "Comments": []
}