{
  "WorkItem": {
    "AffectedComponent": {
      "Name": "",
      "DisplayName": ""
    },
    "ClosedComment": "This feature has been implemented and available in the 1.4 release.",
    "ClosedDate": "2012-12-03T09:32:07.787-08:00",
    "CommentCount": 1,
    "Custom": null,
    "Description": "Add support for PostgreSQL.\n\nDocumentation:\nhttp://www.postgresql.org/docs/9.0/interactive/index.html",
    "LastUpdatedDate": "2017-11-29T09:14:10.213-08:00",
    "PlannedForRelease": "Chinook Database 1.4",
    "ReleaseVisibleToPublic": true,
    "Priority": {
      "Name": "Low",
      "Severity": 50,
      "Id": 1
    },
    "ProjectName": "ChinookDatabase",
    "ReportedDate": "2010-11-22T19:29:31.83-08:00",
    "Status": {
      "Name": "Closed",
      "Id": 4
    },
    "ReasonClosed": {
      "Name": "Unassigned"
    },
    "Summary": "Add Support for PostgreSQL",
    "Type": {
      "Name": "Feature",
      "Id": 1
    },
    "VoteCount": 3,
    "Id": 29374
  },
  "FileAttachments": [],
  "Comments": [
    {
      "Message": "ADO.NET providers:\nhttp://npgsql.projects.pgfoundry.org/\nhttp://www.devart.com/dotconnect/postgresql/",
      "PostedDate": "2012-10-18T15:22:32.063-07:00",
      "Id": 80403
    }
  ]
}