{
  "WorkItem": {
    "AffectedComponent": {
      "Name": "",
      "DisplayName": ""
    },
    "ClosedComment": "This feature has been implemented and available in the 1.4 release.",
    "ClosedDate": "2012-12-03T09:33:36.52-08:00",
    "CommentCount": 1,
    "Custom": null,
    "Description": "The current version of the sdf file provided is 3.5, we should provide a file of the version 4.0 as well.",
    "LastUpdatedDate": "2017-11-29T09:14:10.213-08:00",
    "PlannedForRelease": "Chinook Database 1.4",
    "ReleaseVisibleToPublic": true,
    "Priority": {
      "Name": "Low",
      "Severity": 50,
      "Id": 1
    },
    "ProjectName": "ChinookDatabase",
    "ReportedDate": "2010-11-23T13:50:47.93-08:00",
    "Status": {
      "Name": "Closed",
      "Id": 4
    },
    "ReasonClosed": {
      "Name": "Unassigned"
    },
    "Summary": "Provide sdf file for SQL Server Compact 4",
    "Type": {
      "Name": "Feature",
      "Id": 1
    },
    "VoteCount": 3,
    "Id": 29375
  },
  "FileAttachments": [],
  "Comments": [
    {
      "Message": "+1 for this request! please!",
      "PostedDate": "2011-09-08T11:50:10.327-07:00",
      "Id": 44389
    }
  ]
}