{
  "WorkItem": {
    "AffectedComponent": {
      "Name": "",
      "DisplayName": ""
    },
    "ClosedComment": "",
    "ClosedDate": null,
    "CommentCount": 2,
    "Custom": null,
    "Description": "Getting the following error now:\r\n\r\nError: near line 1: near \"xxx\": syntax error",
    "LastUpdatedDate": "2014-07-16T04:40:51.16-07:00",
    "PlannedForRelease": "",
    "ReleaseVisibleToPublic": false,
    "Priority": {
      "Name": "Unassigned",
      "Severity": 0,
      "Id": 0
    },
    "ProjectName": "ChinookDatabase",
    "ReportedDate": "2014-03-30T13:57:23.053-07:00",
    "Status": {
      "Name": "Proposed",
      "Id": 1
    },
    "ReasonClosed": {
      "Name": "Unassigned"
    },
    "Summary": "additional issues installing on windows8",
    "Type": {
      "Name": "Unassigned",
      "Id": 5
    },
    "VoteCount": 1,
    "Id": 29382
  },
  "FileAttachments": [],
  "Comments": [
    {
      "Message": "need more info here to be able to help you. where are you getting this error?",
      "PostedDate": "2014-03-31T09:39:41.39-07:00",
      "Id": 140066
    },
    {
      "Message": "Hello, I have same :\n\n```\nRunning Chinook_Sqlite.sql...\n-- Loading resources from Chinook_Sqlite.sql\nError: near line 1: near \"´╗┐\": syntax error\n```\n\n```\nsqlite3.exe --version\n3.8.5 2014-06-04 14:06:34 b1ed4f2a34ba66c29b130f8d13e9092758019212\n```\n\nBut, I found solution, I save the file in UTF-8 without BOM",
      "PostedDate": "2014-07-16T04:40:51.16-07:00",
      "Id": 152565
    }
  ]
}