{
  "WorkItem": {
    "AffectedComponent": {
      "Name": "",
      "DisplayName": ""
    },
    "ClosedComment": "",
    "ClosedDate": null,
    "CommentCount": 0,
    "Custom": "",
    "Description": "It would be nice if there were a pluralized table name version of the scripts.\n\nSuch that: \nCreate Table Customer \n\nWas instead:\nCreate Table Customers",
    "LastUpdatedDate": "2010-05-04T13:51:10.74-07:00",
    "PlannedForRelease": "",
    "ReleaseVisibleToPublic": false,
    "Priority": {
      "Name": "Low",
      "Severity": 50,
      "Id": 1
    },
    "ProjectName": "ChinookDatabase",
    "ReportedDate": "2010-05-04T13:51:10.74-07:00",
    "Status": {
      "Name": "Proposed",
      "Id": 1
    },
    "ReasonClosed": {
      "Name": "Unassigned"
    },
    "Summary": "Feature Request : Add a Pluralized TableName Version of the scripts",
    "Type": {
      "Name": "Issue",
      "Id": 3
    },
    "VoteCount": 1,
    "Id": 26964
  },
  "FileAttachments": [],
  "Comments": []
}