{
  "WorkItem": {
    "AffectedComponent": {
      "Name": "",
      "DisplayName": ""
    },
    "ClosedComment": "",
    "ClosedDate": "2008-12-29T21:25:16.813-08:00",
    "CommentCount": 1,
    "Custom": "",
    "Description": "One of our users sent a script for SQL Server Compact. We need to update the T4 templates in order to also generate this script.",
    "LastUpdatedDate": "2008-12-29T21:25:16.813-08:00",
    "PlannedForRelease": "Chinook Database 1.1",
    "ReleaseVisibleToPublic": true,
    "Priority": {
      "Name": "Low",
      "Severity": 50,
      "Id": 1
    },
    "ProjectName": "ChinookDatabase",
    "ReportedDate": "2008-12-27T14:14:03.707-08:00",
    "Status": {
      "Name": "Closed",
      "Id": 4
    },
    "ReasonClosed": {
      "Name": "Unassigned"
    },
    "Summary": "Add support for SQL Server Compact",
    "Type": {
      "Name": "Task",
      "Id": 2
    },
    "VoteCount": 1,
    "Id": 20383
  },
  "FileAttachments": [],
  "Comments": [
    {
      "Message": "Resolved with changeset 45373.",
      "PostedDate": "2008-12-29T21:25:16.813-08:00",
      "Id": 18251
    }
  ]
}