{
  "WorkItem": {
    "AffectedComponent": {
      "Name": "",
      "DisplayName": ""
    },
    "ClosedComment": "",
    "ClosedDate": "2009-01-04T00:07:12.19-08:00",
    "CommentCount": 1,
    "Custom": "",
    "Description": "Create additional sample data for the customers table.\n\nNeed to use Customers from different countries and use valid address that will correctly appear in Google maps.",
    "LastUpdatedDate": "2009-01-04T00:07:12.19-08:00",
    "PlannedForRelease": "Chinook Database 1.1",
    "ReleaseVisibleToPublic": true,
    "Priority": {
      "Name": "Low",
      "Severity": 50,
      "Id": 1
    },
    "ProjectName": "ChinookDatabase",
    "ReportedDate": "2008-12-27T13:59:39.717-08:00",
    "Status": {
      "Name": "Closed",
      "Id": 4
    },
    "ReasonClosed": {
      "Name": "Unassigned"
    },
    "Summary": "Need to create additional sample data for customers",
    "Type": {
      "Name": "Task",
      "Id": 2
    },
    "VoteCount": 1,
    "Id": 20381
  },
  "FileAttachments": [],
  "Comments": [
    {
      "Message": "Resolved with changeset 45502.",
      "PostedDate": "2009-01-04T00:07:12.19-08:00",
      "Id": 18249
    }
  ]
}