{
  "WorkItem": {
    "AffectedComponent": {
      "Name": "",
      "DisplayName": ""
    },
    "ClosedComment": "",
    "ClosedDate": null,
    "CommentCount": 1,
    "Custom": null,
    "Description": "when running the batch file in command window, received the following error message\r\n\r\n'sqlite3' is not recognized as an internal or external command, operable program or batch file.\r\n\r\n",
    "LastUpdatedDate": "2014-03-31T09:35:16.343-07:00",
    "PlannedForRelease": "",
    "ReleaseVisibleToPublic": false,
    "Priority": {
      "Name": "Unassigned",
      "Severity": 0,
      "Id": 0
    },
    "ProjectName": "ChinookDatabase",
    "ReportedDate": "2014-03-29T16:46:52.107-07:00",
    "Status": {
      "Name": "Proposed",
      "Id": 1
    },
    "ReasonClosed": {
      "Name": "Unassigned"
    },
    "Summary": "trouble installing sqlite version on windows 8",
    "Type": {
      "Name": "Unassigned",
      "Id": 5
    },
    "VoteCount": 1,
    "Id": 29381
  },
  "FileAttachments": [],
  "Comments": [
    {
      "Message": "You are getting this error because it cannot find sqlite3.exe. Please make sure you have installed sqlite and have sqlite3.exe as part of your path. \nhttps://www.sqlite.org/download.html",
      "PostedDate": "2014-03-31T09:35:16.343-07:00",
      "Id": 140065
    }
  ]
}