{
  "WorkItem": {
    "AffectedComponent": {
      "Name": "",
      "DisplayName": ""
    },
    "ClosedComment": "",
    "ClosedDate": null,
    "CommentCount": 0,
    "Custom": null,
    "Description": "This request is from Rub member of the uNhAddIns project (Unofficial addins for NHibernate): http://code.google.com/p/unhaddins/\r\n\r\nChange the data model to allow developers to implement the three basic strategies for inheritance mapping:\r\n\r\n1. Table per Class Hierarchy\r\n2. Table per Subclass\r\n3. Table per Concrete Class\r\n\r\nFor more info, see:\r\nhttp://www.nhforge.org/doc/nh/en/index.html#inheritance",
    "LastUpdatedDate": "2017-11-29T09:14:10.213-08:00",
    "PlannedForRelease": "Chinook Database 2.0",
    "ReleaseVisibleToPublic": false,
    "Priority": {
      "Name": "Low",
      "Severity": 50,
      "Id": 1
    },
    "ProjectName": "ChinookDatabase",
    "ReportedDate": "2009-04-26T15:30:24.063-07:00",
    "Status": {
      "Name": "Proposed",
      "Id": 1
    },
    "ReasonClosed": {
      "Name": "Unassigned"
    },
    "Summary": "Feature Request: Data model change to allow implementation of inheritance mapping strategies",
    "Type": {
      "Name": "Feature",
      "Id": 1
    },
    "VoteCount": 3,
    "Id": 22184
  },
  "FileAttachments": [],
  "Comments": []
}