{
  "WorkItem": {
    "AffectedComponent": {
      "Name": "",
      "DisplayName": ""
    },
    "ClosedComment": "",
    "ClosedDate": null,
    "CommentCount": 0,
    "Custom": null,
    "Description": "I think the following header:\r\n```\r\nSET client_encoding = 'WIN1252';\r\n```\r\nshould be added on top of Chinook_PostgreSql.sql since it actually use that encoding, but the default for psql is UTF8 nowadays, no matter the encoding of the target DB.\r\n\r\nSo, if you type\r\n```\r\npsql -f Chinook_PostgreSql.sql TestDb\r\n\r\n```\r\nyou'll end up receiving a lot of errors:\r\n```\r\npsql:Chinook_PostgreSql.sql:237: ERROR:  invalid byte sequence for encoding \"UTF8\": 0xf4 0x6e 0x69 0x6f\r\n```",
    "LastUpdatedDate": "2016-06-28T08:54:46.083-07:00",
    "PlannedForRelease": "",
    "ReleaseVisibleToPublic": false,
    "Priority": {
      "Name": "Unassigned",
      "Severity": 0,
      "Id": 0
    },
    "ProjectName": "ChinookDatabase",
    "ReportedDate": "2016-06-28T08:54:46.083-07:00",
    "Status": {
      "Name": "Proposed",
      "Id": 1
    },
    "ReasonClosed": {
      "Name": "Unassigned"
    },
    "Summary": "Issue with encoding of Chinook_PostgreSql.sql",
    "Type": {
      "Name": "Unassigned",
      "Id": 5
    },
    "VoteCount": 1,
    "Id": 29384
  },
  "FileAttachments": [],
  "Comments": []
}