[
  {
    "Id": "0",
    "Name": "Chinook Database 1.3",
    "DevelopmentStatus": "Stable",
    "Description": "* This is a sample database available in multiple formats: SQL scripts for multiple database vendors, embeded database files, and XML format.\n* The Chinook data model is available [here|Chinook_Schema].\n* ChinookDatabase1.3_CompleteVersion.zip is a complete package for all supported databases/data sources. There are also packages for each specific data source.\n!! Issues Resolved\n* [workitem:29372]\n* [workitem:29373]\n!! Supported Database Servers\n* [url:EffiProz|http://effiproz.codeplex.com/]\n* [url:MySQL|http://www.mysql.com/]\n* [url:Oracle|http://www.oracle.com/technetwork/database/express-edition/overview/index.html]\n* [url:SQL Server|http://www.microsoft.com/sqlserver/]\n* [url:SQL Server Compact|http://www.microsoft.com/sqlserver/2008/en/us/compact.aspx]\n* [url:SQLite|http://www.sqlite.org/]\n!! Installation\n* [How do I create the Chinook Database?|Create_Databases]\n!! Package Content\nThis is the list of files included in the complete version.\n|| Data Source || File || Description ||\n| EffiProz | {\"Chinook_EffiProz.sql\"} | SQL script to create the Chinook database. Primary keys are not auto incremented by the database system, they must be set when inserting records. |\n| EffiProz | {\"Chinook_EffiProz_AutoIncrementPKs.sql\"} | SQL script to create the Chinook database. Primary keys are auto incremented. |\n| MySql | {\"Chinook_MySql.sql\"} | SQL script to create the Chinook database. Primary keys are not auto incremented by the database system, they must be set when inserting records. |\n| MySql | {\"Chinook_MySql_AutoIncrementPKs.sql\"} | SQL script to create the Chinook database. Primary keys are auto incremented. |\n| MySql | {\"CreateMySql.bat\"} | Batch file to create the Chinook database. |\n| Oracle | {\"Chinook_Oracle.sql\"} | SQL script to create the Chinook database. Primary keys are not auto incremented by the database system, they must be set when inserting records. |\n| Oracle | {\"CreateOracle.bat\"} | Batch file to create the Chinook database. |\n| Sqlite | {\"Chinook_Sqlite.sql\"} | SQL script to create the Chinook database. Primary keys are not auto incremented by the database system, they must be set when inserting records. |\n| Sqlite | {\"Chinook_Sqlite.sqlite\"} | Chinook database file. Primary keys are not auto incremented by the database system, they must be set when inserting records. |\n| Sqlite | {\"Chinook_Sqlite_AutoIncrementPKs.sql\"} | SQL script to create the Chinook database. Primary keys are auto incremented. |\n| Sqlite | {\"Chinook_Sqlite_AutoIncrementPKs.sqlite\"} | Chinook database file. Primary keys are auto incremented. |\n| Sqlite | {\"CreateSqlite.bat\"} | Batch file to create the Chinook database. |\n| SqlServer | {\"Chinook_SqlServer.sql\"} | SQL script to create the Chinook database. Primary keys are not auto incremented by the database system, they must be set when inserting records. |\n| SqlServer | {\"Chinook_SqlServer_AutoIncrementPKs.sql\"} | SQL script to create the Chinook database. Primary keys are auto incremented. |\n| SqlServer | {\"CreateSqlServer.bat\"} | Batch file to create the Chinook database. |\n| SqlServerCompact | {\"Chinook_SqlServerCompact.sqlce\"} | SQL script to create the Chinook database. Primary keys are not auto incremented by the database system, they must be set when inserting records. |\n| SqlServerCompact | {\"Chinook_SqlServerCompact.sdf\"} | Chinook database file. Primary keys are not auto incremented by the database system, they must be set when inserting records. |\n| SqlServerCompact | {\"Chinook_SqlServerCompact_AutoIncrementPKs.sqlce\"} | SQL script to create the Chinook database. Primary keys are auto incremented. |\n| SqlServerCompact | {\"Chinook_SqlServerCompact_AutoIncrementPKs.sdf\"} | Chinook database file. Primary keys are auto incremented. |\n| XML | {\"ChinookData.xml\"} | XML data used to generate the Chinook database SQL scripts. |",
    "ReleasedDatge": "0001-01-01T00:00:00",
    "ModifiedDate": "2010-11-19T16:36:33.033-08:00",
    "Files": [
      {
        "Id": "aa34c508-9047-4691-ae46-1612c3cdbf3c",
        "FileName": "ChinookDatabase1.3_CompleteVersion.zip",
        "Url": "./0/aa34c508-9047-4691-ae46-1612c3cdbf3c",
        "Type": "Application",
        "UploadDate": "2010-11-14T20:43:33.153-08:00"
      },
      {
        "Id": "5f138cc4-fcc0-46e5-989d-2efc6b085c0b",
        "FileName": "ChinookDatabase1.3_EffiProz.zip",
        "Url": "./0/5f138cc4-fcc0-46e5-989d-2efc6b085c0b",
        "Type": "Application",
        "UploadDate": "2010-11-14T20:45:26.303-08:00"
      },
      {
        "Id": "ddc05f13-d38d-4ebd-a7b6-3eebb3a7e505",
        "FileName": "ChinookDatabase1.3_MySql.zip",
        "Url": "./0/ddc05f13-d38d-4ebd-a7b6-3eebb3a7e505",
        "Type": "Application",
        "UploadDate": "2010-11-14T20:45:26.32-08:00"
      },
      {
        "Id": "e96aa67e-d32d-4466-8f3e-98d4734ba726",
        "FileName": "ChinookDatabase1.3_Oracle.zip",
        "Url": "./0/e96aa67e-d32d-4466-8f3e-98d4734ba726",
        "Type": "Application",
        "UploadDate": "2010-11-14T20:45:26.35-08:00"
      },
      {
        "Id": "5dfea59c-b218-4f92-91ef-dab7a65286dd",
        "FileName": "ChinookDatabase1.3_Sqlite.zip",
        "Url": "./0/5dfea59c-b218-4f92-91ef-dab7a65286dd",
        "Type": "Application",
        "UploadDate": "2010-11-14T20:45:26.367-08:00"
      },
      {
        "Id": "803097f9-90c3-4f5e-887d-cb5925504957",
        "FileName": "ChinookDatabase1.3_SqlServer.zip",
        "Url": "./0/803097f9-90c3-4f5e-887d-cb5925504957",
        "Type": "Application",
        "UploadDate": "2010-11-14T20:45:26.43-08:00"
      },
      {
        "Id": "6da1bc7c-d2a4-4d35-b0ad-7d29d060cbdc",
        "FileName": "ChinookDatabase1.3_SqlServerCompact.zip",
        "Url": "./0/6da1bc7c-d2a4-4d35-b0ad-7d29d060cbdc",
        "Type": "Application",
        "UploadDate": "2010-11-14T20:45:26.477-08:00"
      }
    ]
  },
  {
    "Id": "1",
    "Name": "Chinook Database 1.2",
    "DevelopmentStatus": "Stable",
    "Description": "This is a sample database available for SQL Server, SQL Server Compact, Oracle and MySQL. It can be created by running a single SQL script. You can find the Chinook data model [here|Chinook_Schema].\n!! Issues Resolved\n* [workitem:22115]\n* [workitem:24257]\n* [workitem:26637]\n* [workitem:26638]\n!! Supported Database Servers\n* MySQL\n* Oracle\n* SQL Server\n* SQL Server Compact\n!! Installation\nDownload and extract the zip file from the Downloads tab. Under each Database Provider folder, there are two files per database server: a SQL script, CreateDB.sql, and a batch file, create.bat. You can either run the SQL script by using your preferred database tool or run the provided batch file. \n\nAn alternate SQL script is provided if you do not want the primary key to be automatically generated, see Create...NoIdentity.sql (SQL Server and SQL Server Compact) and Create...NoAutoIncrement.sql (MySQL).\n\nThe batch files use the database server command tool (mysql.exe for MySQL, sqlcmd.exe for SQL Server, and sqlplus.exe for Oracle). If you are using Windows Vista/2008/7, it is recommended to open a Command Prompt window as Administrator in order to run these batch files.\n\nFor SQL Server Compact, we included the compact databases .sdf. If you prefer to create your own compact database, then you can use its CreateTables.sqlce script.\n\nFor more information:\n* [How do I create the Chinook Database?|Create_Databases]\n!! Package Content\nThe Chinook database is provided as a SQL scripts and also in XML format, see *XML\\ChinookData.xml*, and SQL Server Compact databases (.sdf) under *SqlServerCompact*. The following table describes the contents of this package.\n\n|| Folder || File || Description ||\n| MySql | create.bat | Batch file that uses mysql.exe to create the Chinook database using CreateDB.sql.   |\n| MySql | CreateDB.sql | SQL script to create the Chinook database using primary keys with AutoIncrement (PKs are auto-generated). |\n| MySql | CreateDB_NoAutoIncrement.sql | An alternate version that does not use PKs with AutoIncrement. You will need to explicity set PKs values when inserting records. |\n| Oracle | create.bat | Batch file that uses sqlplus.exe to create the Chinook database using CreateDB.sql.  |\n| Oracle | CreateDB.sql |  SQL script to create and populate the Chinook database. |\n| SqlServer | create.bat | Batch file that uses sqlcmd.exe to create and populate the Chinook database using CreateDB.sql |\n| SqlServer | CreateDB.sql | SQL script to create and populate the Chinook database using primary keys with IDENTITY (PKs are auto-generated) |\n| SqlServer | CreateDB NoIdentity.sql | An alternate version that does not use PKs with IDENTITY. You will need to explicity set PKs values when inserting records.  |\n| SqlServerCompact | CreateTables.sqlce |  SQL script to create and populate the Chinook tables using primary keys with IDENTITY (PKs are auto-generated)  |\n| SqlServerCompact | CreateTables NoIdentity.sqlce | An alternate version that does not use PKs with IDENTITY. You will need to explicity set PKs values when inserting records.  |\n| SqlServerCompact | Chinook.sdf | A SQL Server Compact 3.5 database created using CreateTables.sqlce |\n| SqlServerCompact | Chinook NoIdentity.sdf | A SQL Server Compact 3.5 database created using CreateTables_NoIdentity.sqlce |\n| SqlServerCompact | DropTables.sqlce | SQL script to drop all tables of the Chinook database. |\n| Xml | ChinookData.xml | An XML version of the Chinook database used to create the SQL scripts above. |",
    "ReleasedDatge": "0001-01-01T00:00:00",
    "ModifiedDate": "2010-11-14T13:11:57.657-08:00",
    "Files": [
      {
        "Id": "b0a71f85-7fc5-4ea3-ace4-8bb3cab90497",
        "FileName": "ChinookDatabase1.2.zip",
        "Url": "./1/b0a71f85-7fc5-4ea3-ace4-8bb3cab90497",
        "Type": "Application",
        "UploadDate": "2010-11-05T19:07:35.443-07:00"
      }
    ]
  },
  {
    "Id": "2",
    "Name": "Chinook Database 1.1",
    "DevelopmentStatus": "Stable",
    "Description": "This is a sample database available for SQL Server, Oracle and MySQL. It can be created by running a single SQL script. You can find the Chinook database schema [here|Chinook_Schema].\n\nThe zip file above contains SQL scripts and batch files for each database supported. It also contains the data in XML format, see *SampleData\\ChinookData.xml*, and a SQL Server Compact database *SampleData\\Chinook.sdf*.\n!! What is new?\n* Support for SQL Server Compact.\n* Additional customers from multiple countries.\n* Added a many-to-many relationship (a Playlist contains many Tracks, a Track belongs to many Playlists).\n* Added a one-to-many relationship between Employee and Customer (support representative).\n* Added Total field to invoice table.\n!! Supported Database Servers\n* MySQL\n* Oracle\n* SQL Server\n* SQL Server Compact\n!! How do I Create the Chinook Database?\nDownload and extract the zip file above. Under the *Script* folder, there are two files per database server: a SQL script, *CreateDB.sql*, and a batch file, *CreateDB.bat*. You can either run the SQL script by using your preferred database tool or run the provided batch file. \n\nThe batch files use the database server command tool (*mysql.exe* for MySQL, *sqlcmd.exe* for SQL Server, and *sqlplus.exe* for Oracle). If you are using Windows Vista, it is recommended to open a Command Prompt window as Administrator in order to run these batch files.\n\nFor SQL Server Compact, we included the compact database *SampleData\\Chinook.sdf*. If you prefer to create your own compact database, then you can use its *CreateTables.sqlce* script.\n!! Notes for MySQL Version\n* The provided script was tested using [url:MySQL Server 5.1|http://dev.mysql.com/downloads/mysql/5.1.html].\n* The *CreateDB.bat* file uses the localhost server, and the *root* user with the password *p4ssw0rd*. Change this file to match your settings before running it.\n!! Notes for Oracle Version\n* The provided script was tested using [url:Oracle Database 10g Express Edition (XE)|http://www.oracle.com/technology/products/database/xe/index.html].\n* The *CreateDB.sql* creates a new user *chinook*, with the password *p4ssw0rd*. Change this script if you want a different user/password.\n!! Notes for SQL Server Version\n* The provided script was tested using [url:SQL Server Express 2008|http://www.microsoft.com/downloads/details.aspx?FamilyID=7522a683-4cb2-454e-b908-e805e9bd4e28&DisplayLang=en].\n!! Notes for SQL Server Compact Version\n* The provided script was tested using [url:SQL Server Compact 3.5 SP1|http://www.microsoft.com/Sqlserver/2008/en/us/compact.aspx].\n* We included the compact database *SampleData\\Chinook.sdf*. If you prefer to create your own compact database, then you can use the *CreateTables.sqlce* script with [url:SQL Server Management Studio Express|http://msdn.microsoft.com/en-us/library/ms365247.aspx] tool.",
    "ReleasedDatge": "0001-01-01T00:00:00",
    "ModifiedDate": "2010-11-05T15:55:27.83-07:00",
    "Files": [
      {
        "Id": "35107e16-6350-40ed-8ed3-8875acfdaee1",
        "FileName": "ChinookDatabase1.1.zip",
        "Url": "./2/35107e16-6350-40ed-8ed3-8875acfdaee1",
        "Type": "Application",
        "UploadDate": "2009-01-05T19:08:40.357-08:00"
      }
    ]
  },
  {
    "Id": "3",
    "Name": "Chinook Database 1.0",
    "DevelopmentStatus": "Stable",
    "Description": "This is a sample database available for SQL Server, Oracle and MySQL. It can be created by running a single SQL script. You can see the Chinook database schema [here|Chinook_Schema].\n\nThe zip file above contains SQL scripts and batch files for each database supported. It also contains the data in XML format (DataSet), see _SampleData\\ChinookData.xml_.\n!! Supported Database Servers\n* SQL Server\n* Oracle\n* MySQL\n!! How do I Create the Chinook Database?\nDownload and extract the zip file above. Under the _Script_ folder, there are two files per database server: a SQL script, _CreateDB.sql_, and a batch file, _CreateDB.bat_. You can either run the SQL script by using your preferred database tool or run the provided batch file. \n\nThe batch files use the database server command tool (_mysql.exe_, _osql.exe_ for SQL Server, and _sqlplus.exe_ for Oracle). If you are using Windows Vista, you should open a Command Prompt window as _Administrator_ in order to run these batch files.\n!! Notes for MySQL Version\n* The provided script was tested using MySQL Server 5.0.\n* The _CreateDB.bat_ file uses the localhost server, and the _root_ user with the password _p4ssw0rd_. Change this file to match your settings before running it.\n!! Notes for Oracle Version\n* The provided script was tested using Oracle Database 10g Express Edition (XE).\n* The _CreateDB.sql_ creates a new user _chinook_, with the password _p4ssw0rd_. Change this script if you want a different user/password.\n!! Notes for SQL Server Version\n* The provided script was tested using SQL Server Express which ships with Visual Studio 2008.",
    "ReleasedDatge": "0001-01-01T00:00:00",
    "ModifiedDate": "2008-11-21T19:45:36.63-08:00",
    "Files": [
      {
        "Id": "0b540f2a-21e6-407e-9c9f-e0809e46e1a4",
        "FileName": "ChinookDatabase1.0.zip",
        "Url": "./3/0b540f2a-21e6-407e-9c9f-e0809e46e1a4",
        "Type": "Application",
        "UploadDate": "2008-08-17T16:35:58.193-07:00"
      }
    ]
  },
  {
    "Id": "4",
    "Name": "Chinook Database 1.4",
    "DevelopmentStatus": "Stable",
    "Description": "Chinook Database 1.4\n* This is a sample database available in multiple formats: SQL scripts for multiple database vendors, embeded database files, and XML format.\n* The Chinook data model is available [here|Chinook_Schema].\n* ChinookDatabase1.4_CompleteVersion.zip is a complete package for all supported databases/data sources. There are also packages for each specific data source.\n!! Supported Database Servers\n* [url:DB2|http://www-01.ibm.com/software/data/db2/express/]\n* [url:EffiProz|http://effiproz.codeplex.com/]\n* [url:MySQL|http://www.mysql.com/]\n* [url:Oracle|http://www.oracle.com/technetwork/database/express-edition/overview/index.html]\n* [url:PostgreSQL|http://www.postgresql.org/]\n* [url:SQL Server|http://www.microsoft.com/sqlserver/]\n* [url:SQL Server Compact|http://www.microsoft.com/sqlserver/2008/en/us/compact.aspx]\n* [url:SQLite|http://www.sqlite.org/]\n!! Issues Resolved\n* [workitem:29374]\n* [workitem:29375]\n* [workitem:29377]\n* [workitem:29378]\n!! Installation\n* [How do I create the Chinook Database?|Create_Databases]\n!! Package Content\nThis is the list of files included in the complete version.\n|| Data Source || File || Description ||\n| Db2 | {\"Chinook_Db2.sql\"} | SQL script to create the Chinook database.  |\n| Db2 | {\"CreateDb2.bat\"} | Batch file to create the Chinook database. |\n| EffiProz | {\"Chinook_EffiProz.sql\"} | SQL script to create the Chinook database.  |\n| EffiProz | {\"Chinook_EffiProz_AutoIncrementPKs.sql\"} | SQL script to create the Chinook database. Auto incremented primary keys. |\n| MySql | {\"Chinook_MySql.sql\"} | SQL script to create the Chinook database.  |\n| MySql | {\"Chinook_MySql_AutoIncrementPKs.sql\"} | SQL script to create the Chinook database. Auto incremented primary keys. |\n| MySql | {\"CreateMySql.bat\"} | Batch file to create the Chinook database. |\n| Oracle | {\"Chinook_Oracle.sql\"} | SQL script to create the Chinook database.  |\n| Oracle | {\"CreateOracle.bat\"} | Batch file to create the Chinook database. |\n| PostgreSql | {\"Chinook_PostgreSql.sql\"} | SQL script to create the Chinook database.  |\n| PostgreSql | {\"CreatePostgreSql.bat\"} | Batch file to create the Chinook database. |\n| Sqlite | {\"Chinook_Sqlite.sql\"} | SQL script to create the Chinook database.  |\n| Sqlite | {\"Chinook_Sqlite.sqlite\"} | Chinook database file.  |\n| Sqlite | {\"Chinook_Sqlite_AutoIncrementPKs.sql\"} | SQL script to create the Chinook database. Auto incremented primary keys. |\n| Sqlite | {\"Chinook_Sqlite_AutoIncrementPKs.sqlite\"} | Chinook database file. Auto incremented primary keys. |\n| Sqlite | {\"CreateSqlite.bat\"} | Batch file to create the Chinook database. |\n| SqlServer | {\"Chinook_SqlServer.sql\"} | SQL script to create the Chinook database.  |\n| SqlServer | {\"Chinook_SqlServer_AutoIncrementPKs.sql\"} | SQL script to create the Chinook database. Auto incremented primary keys. |\n| SqlServer | {\"CreateSqlServer.bat\"} | Batch file to create the Chinook database. |\n| SqlServerCompact | {\"Chinook_SqlServerCompact.sqlce\"} | SQL script to create the Chinook database.  |\n| SqlServerCompact | {\"Chinook_SqlServerCompact.sdf\"} | Chinook database file.  |\n| SqlServerCompact | {\"Chinook_SqlServerCompact_AutoIncrementPKs.sqlce\"} | SQL script to create the Chinook database. Auto incremented primary keys. |\n| SqlServerCompact | {\"Chinook_SqlServerCompact_AutoIncrementPKs.sdf\"} | Chinook database file. Auto incremented primary keys. |\n| XML | {\"ChinookData.xml\"} | XML data used to generate the Chinook database SQL scripts. |",
    "ReleasedDatge": "0001-01-01T00:00:00",
    "ModifiedDate": "2012-12-02T21:11:28.68-08:00",
    "Files": [
      {
        "Id": "1850e770-9fe2-4b80-8a39-64f2e493b72e",
        "FileName": "ChinookDatabase1.4_CompleteVersion.zip",
        "Url": "./4/1850e770-9fe2-4b80-8a39-64f2e493b72e",
        "Type": "Application",
        "UploadDate": "2012-12-02T19:16:06.047-08:00"
      },
      {
        "Id": "e8a9049d-7db1-4803-8528-f1fe29abde11",
        "FileName": "ChinookDatabase1.4_Db2.zip",
        "Url": "./4/e8a9049d-7db1-4803-8528-f1fe29abde11",
        "Type": "Application",
        "UploadDate": "2012-12-02T19:17:59.517-08:00"
      },
      {
        "Id": "19a51828-6a75-4dc2-83b6-750dc1759033",
        "FileName": "ChinookDatabase1.4_EffiProz.zip",
        "Url": "./4/19a51828-6a75-4dc2-83b6-750dc1759033",
        "Type": "Application",
        "UploadDate": "2012-12-02T19:17:59.55-08:00"
      },
      {
        "Id": "eb4735c1-568e-4d05-9e55-1821818ab2e5",
        "FileName": "ChinookDatabase1.4_MySql.zip",
        "Url": "./4/eb4735c1-568e-4d05-9e55-1821818ab2e5",
        "Type": "Application",
        "UploadDate": "2012-12-02T19:17:59.563-08:00"
      },
      {
        "Id": "5b731e10-806b-4aab-8acf-dc1f94912abc",
        "FileName": "ChinookDatabase1.4_Oracle.zip",
        "Url": "./4/5b731e10-806b-4aab-8acf-dc1f94912abc",
        "Type": "Application",
        "UploadDate": "2012-12-02T19:17:59.597-08:00"
      },
      {
        "Id": "6357a1d2-417f-45c9-93a6-a8314dac454b",
        "FileName": "ChinookDatabase1.4_PostgreSql.zip",
        "Url": "./4/6357a1d2-417f-45c9-93a6-a8314dac454b",
        "Type": "Application",
        "UploadDate": "2012-12-02T19:17:59.627-08:00"
      },
      {
        "Id": "3925f62d-5893-43bd-b760-ecaf3799d123",
        "FileName": "ChinookDatabase1.4_Sqlite.zip",
        "Url": "./4/3925f62d-5893-43bd-b760-ecaf3799d123",
        "Type": "Application",
        "UploadDate": "2012-12-02T19:17:59.783-08:00"
      },
      {
        "Id": "97c6a929-672d-4064-ad08-729404e4a681",
        "FileName": "ChinookDatabase1.4_SqlServer.zip",
        "Url": "./4/97c6a929-672d-4064-ad08-729404e4a681",
        "Type": "Application",
        "UploadDate": "2012-12-02T19:17:59.847-08:00"
      },
      {
        "Id": "25f902ff-2496-4784-b18a-43ff34eb95e7",
        "FileName": "ChinookDatabase1.4_SqlServerCompact.zip",
        "Url": "./4/25f902ff-2496-4784-b18a-43ff34eb95e7",
        "Type": "Application",
        "UploadDate": "2012-12-02T19:17:59.893-08:00"
      }
    ]
  }
]