[
  {
    "Title": "Home",
    "Id": "666094",
    "ParentWikiTitle": "Home",
    "FileExtension": "codeplexwiki",
    "UpdatedDate": "2012-12-10T19:51:30.063-08:00",
    "FileAttachments": []
  },
  {
    "Title": "Building_Scripts",
    "Id": "640226",
    "ParentWikiTitle": "Documentation",
    "FileExtension": "codeplexwiki",
    "UpdatedDate": "2012-10-13T18:26:15.81-07:00",
    "FileAttachments": []
  },
  {
    "Title": "Create_Databases",
    "Id": "344094",
    "ParentWikiTitle": "Documentation",
    "FileExtension": "codeplexwiki",
    "UpdatedDate": "2010-11-14T21:39:12.05-08:00",
    "FileAttachments": []
  },
  {
    "Title": "Documentation",
    "Id": "344090",
    "ParentWikiTitle": "Documentation",
    "FileExtension": "codeplexwiki",
    "UpdatedDate": "2010-11-14T21:16:13.42-08:00",
    "FileAttachments": []
  },
  {
    "Title": "Chinook_Schema",
    "Id": "344089",
    "ParentWikiTitle": "Documentation",
    "FileExtension": "codeplexwiki",
    "UpdatedDate": "2010-11-14T21:14:37.12-08:00",
    "FileAttachments": []
  }
]
